REPLACING-RENAULT-REF,REPLACING-SUPPLIER-REF,REPLACING-SUPPLIER-NAME,REPLACED-RENAULT-REF,REPLACED-SUPPLIER-REF,REPLACEMENT-DATE,SHIPPING_DATE
8550500209,EHC8400,MISFAT (SOLAUFIL),8660003022,EMPTY,15/07/2021,2024
8550500244,ELR7001,MISFAT,8671002090,EMPTY,15/07/2021,2024
8550500381,ELP3631,MISFAT,8671004475,EMPTY,15/07/2021,2024
8550500388,EL3120,MISFAT,8671002104,EMPTY,15/07/2021,2024
8550500415,ELP9350,MISFAT,8660003756,ELP9350,15/07/2021,2024
8550500417,ELP3675,MISFAT,8671004545,EMPTY,15/07/2021,2024
8550500430,ELP3704,MISFAT,8671004484,EMPTY,15/07/2021,2024
8550500449,ELP9268,MISFAT,8660003749,ELP9268,15/07/2021,2024
8550500459,ELP3668,MISFAT,8671004481,EMPTY,15/07/2021,2024
8550500466,ELP3794,MISFAT,8550500466,ELP3794,15/07/2021,2024
8550500479,EL3063,MISFAT,8671002023,EMPTY,15/07/2021,2024
8550500511,ELP3839,MISFAT,8671014087,EMPTY,15/07/2021,2024
8550500552,ELP3811,MISFAT,8671004544,EMPTY,15/07/2021,2024
8660000025,EMPTY,SHELL,8671013785,NOUVEAU,03/11/2014,2023
8660000121,0,TRAX,8671018871,NOUVEAU,26/01/2015,2023
8660000710,437444,Valeo,8660000711,EMPTY,13/02/2019,2024
8660000842,EMPTY,INCONNU AM,8671014277,CONSOMMABLES,14/02/2014,2022
8660000843,EMPTY,INCONNU AM,8671014278,CONSOMMABLES,15/02/2014,2022
8660000912,624303434,Schaeffler,8660000911,624 2450 33,27/04/2016,2024
8660001075,623332500,Schaeffler,8660001069,623 3276 00,18/11/2013,2024
8660001117,625307600,Schaeffler,8660001115,625 3067 00,18/11/2013,2024
8660001132,621301409,Schaeffler,8660001129,621 1333 09,18/11/2013,2024
8660001644,EMPTY,SHELL,8671020539,CONSOMMABLES,03/11/2014,2022
8660001810,R1031PCA,LPR,8671018105,CONSOMMABLES,16/01/2014,2022
8660001811,EMPTY,LPR,8671018106,-,16/01/2014,2024
8660001812,R1030PCA,LPR,8671018107,-,16/01/2014,2024
8660001814,C1005PCA,LPR,8671018130,CONSOMMABLES,16/01/2014,2022
8660001815,R1009PCA,LPR,8671018263,-,16/01/2014,2024
8660002031,VKMV3PK775,SKF,8671008058,EMPTY,03/01/2014,2024
8660002040,VKMV6PK1190,SKF,8671008093,EMPTY,03/01/2014,2024
8660002500,F40817601,CATALDI,8671017716,-,18/06/2014,2024
8660002503,F40818030,CATALDI,8671017595,-,18/06/2014,2024
8660002504,F40817645,CATALDI,8671017715,-,18/06/2014,2024
8660002506,F40817602,CATALDI,8671017588,CONSOMMABLES,18/06/2014,2022
8660002507,F407401044,CATALDI,8671017594,CONSOMMABLES,18/06/2014,2022
8660002508,F40816839,CATALDI,8671017602,CONSOMMABLES,18/06/2014,2022
8660002510,F40817687,CATALDI,8671017591,CONSOMMABLES,18/06/2014,2022
8660002511,F40817662,CATALDI,8671017603,-,18/06/2014,2024
8660002512,F40817509,CATALDI,8671017586,-,18/06/2014,2024
8660002513,F40817171,CATALDI,8671017596,-,18/06/2014,2024
8660002514,EMPTY,CATALDI,8671017584,-,18/06/2014,2024
8660002515,F40817661,CATALDI,8671017605,-,18/06/2014,2024
8660002516,F40817197,CATALDI,8671017607,-,18/06/2014,2024
8660002517,F40817428,CATALDI,8671017585,-,18/06/2014,2024
8660002518,F40817568,CATALDI,8671017587,-,18/06/2014,2024
8660002519,F40817646,CATALDI,8671017590,-,18/06/2014,2024
8660002520,F40817800,CATALDI,8671017593,-,18/06/2014,2024
8660002521,F40817701,CATALDI,8671017592,-,18/06/2014,2024
8660003247,WP0545,LPR,8671013879,PA511P,23/10/2014,2024
8660003248,WP0328,LPR,8671013881,PA513P,23/10/2014,2024
8660003249,WP0457,LPR,8671013989,PA1054,23/10/2014,2024
8660003250,WP0006,LPR,8671018081,PA1136AL,23/10/2014,2024
8660003251,WP0031,LPR,8671018083,PA1252,23/10/2014,2024
8660003252,WP0449,LPR,8671019519,PA1395 / QCP3629,23/10/2014,2024
8660003254,WP0203,LPR,8671019567,PA1131,23/10/2014,2024
8660003255,WP0793,LPR,8671019568,PA1132,23/10/2014,2024
8660003259,WP0281,LPR,8671019598,PA1404,23/10/2014,2024
8660003260,WP0743,LPR,8671019602,PA1437,23/10/2014,2024
8660003261,WP0605,LPR,8671019617,PA497,23/10/2014,2024
8660003263,WP0374,LPR,8671019631,PA817,23/10/2014,2024
8660003264,WP0290,LPR,8671019641,PA970,23/10/2014,2024
8660003273,1612,Airtex,8671017745,WP0436,19/02/2015,2024
8660003280,1135,Airtex,8671013864,PA429P,19/02/2015,2024
8660003281,1164,Airtex,8671013866,PA437P,19/02/2015,2024
8660003282,1523,Airtex,8671013869,PA467A,19/02/2015,2024
8660003285,1610,Airtex,8671013882,PA521,19/02/2015,2024
8660003286,1562,Airtex,8671013895,PA590P,19/02/2015,2024
8660003287,1359,Airtex,8671013904,PA648P,19/02/2015,2024
8660003288,1361,Airtex,8671013905,PA649P,19/02/2015,2024
8660003289,1397,Airtex,8671013907,PA655P,19/02/2015,2024
8660003290,1391,Airtex,8671013909,PA657,19/02/2015,2024
8660003291,1420,Airtex,8671013916,PA670P,19/02/2015,2024
8660003292,1446,Airtex,8671013925,PA707P,19/02/2015,2024
8660003293,1447,Airtex,8671013926,PA708A,19/02/2015,2024
8660003294,1419,Airtex,8671013934,PA720P,19/02/2015,2024
8660003297,1533,Airtex,8671013950,PA833,19/02/2015,2024
8660003299,4104,Airtex,8671013953,PA848,19/02/2015,2024
8660003301,9377,Airtex,8671013957,PA864A,19/02/2015,2024
8660003302,1703,Airtex,8671013958,PA866,19/02/2015,2024
8660003303,1586,Airtex,8671013962,PA879,19/02/2015,2024
8660003304,1596,Airtex,8671013964,PA883,19/02/2015,2024
8660003305,1563,Airtex,8671013965,PA885,19/02/2015,2024
8660003307,1550,Airtex,8671013968,PA890,19/02/2015,2024
8660003309,1661,Airtex,8671013970,PA913,19/02/2015,2024
8660003310,1595,Airtex,8671013972,PA922,19/02/2015,2024
8660003311,1606,Airtex,8671013973,PA935,19/02/2015,2024
8660003312,1642,Airtex,8671013974,PA936,19/02/2015,2024
8660003313,1552,Airtex,8671013975,PA937,19/02/2015,2024
8660003314,1600,Airtex,8671013976,PA938,19/02/2015,2024
8660003315,1582,Airtex,8671013978,PA941,19/02/2015,2024
8660003316,9378,Airtex,8671013979,PA944,19/02/2015,2024
8660003317,1990,Airtex,8671013980,PA945,19/02/2015,2024
8660003318,1619,Airtex,8671013981,PA949,19/02/2015,2024
8660003319,4115,Airtex,8671013982,PA950,19/02/2015,2024
8660003320,1616,Airtex,8671013986,PA983A,19/02/2015,2024
8660003323,1675,Airtex,8671013990,PA1055A,19/02/2015,2024
8660003324,1579,Airtex,8671013991,CONSOMMABLES,19/02/2015,2022
8660003325,1667,Airtex,8671013997,PA1134,19/02/2015,2024
8660003327,1679,Airtex,8671014002,PA1234,19/02/2015,2024
8660003328,EMPTY,Airtex,8671014003,PA1235,19/02/2015,2024
8660003329,1677,Airtex,8671016770,PA1217,19/02/2015,2024
8660003330,9274R,Airtex,8671016772,PA1002,19/02/2015,2024
8660003331,1674,Airtex,8671016773,PA1237,19/02/2015,2024
8660003333,1676,Airtex,8671016775,PA1216,19/02/2015,2024
8660003334,1702,Airtex,8671016779,PA1246,17/03/2015,2024
8660003335,1670,Airtex,8671016780,PA1354,19/02/2015,2024
8660003336,1775,Airtex,EMPTY,PA1048A,17/03/2015,2024
8660003337,1609,Airtex,8671018079,PA460,19/02/2015,2024
8660003338,1671,Airtex,8671018082,PA1355,19/02/2015,2024
8660003340,1601,Airtex,8671018086,PA1001,19/02/2015,2024
8660003342,1806,Airtex,8671019564,PA1057,19/02/2015,2024
8660003343,1682,Airtex,8671019565,PA1060,19/02/2015,2024
8660003346,1659,Airtex,8671019570,PA1138,19/02/2015,2024
8660003347,1828,Airtex,8671019576,PA1233,19/02/2015,2024
8660003348,1826,Airtex,8671019578,PA1253,19/02/2015,2024
8660003349,1700,Airtex,8671019580,PA1259,19/02/2015,2024
8660003352,1898,Airtex,8671019583,PA1269,19/02/2015,2024
8660003353,1817,Airtex,8671019584,PA1271,19/02/2015,2024
8660003355,1680,Airtex,8671019588,PA1329,19/02/2015,2024
8660003356,1672,Airtex,8671019589,PA1330,19/02/2015,2024
8660003357,1681,Airtex,8671019590,PA1331,19/02/2015,2024
8660003358,1603,Airtex,8671019591,PA1370,19/02/2015,2024
8660003359,1954,Airtex,8671019592,PA1371,19/02/2015,2024
8660003360,1852,Airtex,8671019593,PA1385,19/02/2015,2024
8660003361,1858,Airtex,8671019594,PA1393,19/02/2015,2024
8660003367,1346,Airtex,8671019618,PA503,19/02/2015,2024
8660003368,1515,Airtex,8671019624,PA717,19/02/2015,2024
8660003369,1434,Airtex,8671019625,PA725,19/02/2015,2024
8660003370,1544,Airtex,8671019632,PA826,19/02/2015,2024
8660003371,1583,Airtex,8671019639,PA946,19/02/2015,2024
8660003384,1702R,Airtex,8660003334,1702,19/02/2015,2024
8660003420,1998,Airtex,8660003336,1775,19/02/2015,2024
8660003423,1992,Airtex,8660003402,1908,19/02/2015,2024
8660003488,732827,VALEO,8660003489,NOUVEAU,17/10/2017,2023
8660003498,735620,VALEO,8660003461,EMPTY,09/12/2017,2024
8660003783,ELG5279,MISFAT,8671014174,WF8263,28/06/2016,2024
8660004320,SNL0001,sneci,8671018196,L12VH1,16/03/2017,2024
8660004321,SNL0008,sneci,8671018197,L12VH3,16/03/2017,2024
8660004322,SNL0003,sneci,8671018198,L12VH4,16/03/2017,2024
8660004323,SNL0005,sneci,8671018199,NOUVEAU,16/03/2017,2023
8660004324,SNLOO10,sneci,8671018200,L12VR2E4,16/03/2017,2024
8660004325,SNL0011,sneci,8671018214,L12VH11,16/03/2017,2024
8660004326,SNL0023,sneci,8671018201,L12VP21W,16/03/2017,2024
8660004327,SNL0024,sneci,8671018202,L12VPY21W,16/03/2017,2024
8660004328,SNL0026,sneci,8671018203,L12VP215W,16/03/2017,2024
8660004329,SNL0033,sneci,8671018204,L12VGRAISR5W,16/03/2017,2024
8660004330,SNL0032,sneci,8671018205,CONSOMMABLES,16/03/2017,2022
8660004331,SNL0035,sneci,8671018206,L12VT4W,16/03/2017,2024
8660004332,SNL0029,sneci,8671018207,L12VTEMOINW5W,16/03/2017,2024
8660004333,SNL0027,sneci,EMPTY,L12VTEMOINW3W,16/03/2017,2024
8660004334,SNL0007,sneci,8671018209,L12VTEMOIN12W,16/03/2017,2024
8660004335,SNL0030,sneci,8671018210,L12VTEMOINWY5W,16/03/2017,2024
8660004336,SNL0025,sneci,8671018211,L12VP214W,16/03/2017,2024
8660004337,SNL0031,sneci,8671018212,L12VTEMOINW16W,16/03/2017,2024
8660004338,SNL0001C,sneci,8671017107,-,16/03/2017,2024
8660004339,SNL0003C,sneci,8671017108,-,16/03/2017,2024
8660004340,SNL0005C,sneci,8671017109,-,16/03/2017,2024
8660004867,ELP3627,Misfat,8671014130,C311011 / C3146,13/10/2017,2024
8660004868,ELP3192,Misfat,8671002017,CONSOMMABLES,13/10/2017,2022
8660004869,ELP3178,Misfat,8671000176,CONSOMMABLES,13/10/2017,2022
8660004871,ELP3530,Misfat,8671002654,NOUVEAU,13/10/2017,2023
8660004872,ELP3798,Misfat,8671014083,ELP3798,13/10/2017,2024
8660004873,ELP3645,Misfat,8671000195,CA5578,13/10/2017,2024
8660004874,ELP3884,Misfat,8671012187,ELP3884,13/10/2017,2024
8660004875,EL1900,Misfat,8671002478,CA4285,13/10/2017,2024
8660004876,EL3510,Misfat,8671004423,EL3510,13/10/2017,2024
8660004877,ELP3338,Misfat,8671000183,WA6174,13/10/2017,2024
8660004878,EL3808,Misfat,8671014063,WA6112,13/10/2017,2024
8660004879,FA3454,Misfat,8671017065,FA3454,13/10/2017,2024
8660004880,ELP3718,Misfat,8671014079,ELP3718,13/10/2017,2024
8660004881,EL3879,Misfat,8671004449,EL3879,13/10/2017,2024
8660004882,ELP3840,Misfat,8671014088,WA6536,13/10/2017,2024
8660004883,ELP3148,Misfat,8671002467,WA6318,13/10/2017,2024
8660004884,EL3560,Misfat,8671014054,EL3560,13/10/2017,2024
8660004885,ELP9323,Misfat,8671014103,ELP3983,13/10/2017,2024
8660004886,ELP3925,Misfat,8671012208,WA6665,13/10/2017,2024
8660004887,EL3809,Misfat,8671014112,WA6707,13/10/2017,2024
8660004888,EL3881,Misfat,8671014066,WA6744,13/10/2017,2024
8660004889,ELP3620,Misfat,8671000191,WA6305,13/10/2017,2024
8660004890,EL3669,Misfat,8671017060,WA6501,13/10/2017,2024
8660004891,ELE6038,Misfat,8671018356,WF8106,13/10/2017,2024
8660004892,ELE3570,Misfat,8671018354,WF8028,13/10/2017,2024
8660004893,ELE6034,Misfat,8671014163,ELE6034,13/10/2017,2024
8660004894,ELE6035,Misfat,8671014164,CONSOMMABLES,13/10/2017,2022
8660004895,ELE6050,Misfat,8671014167,CONSOMMABLES,13/10/2017,2022
8660004896,ELE6004,Misfat,8671002356,ELE6004,13/10/2017,2024
8660004897,ELE6017,Misfat,8671004344,ELE6017,13/10/2017,2024
8660004898,ELE6102,Misfat,8671017031,ELE6063,13/10/2017,2024
8660004899,ELE6013,Misfat,8671004342,WF8041,13/10/2017,2024
8660004900,ELE6010,Misfat,8671018352,CONSOMMABLES,13/10/2017,2022
8660004901,ELG5229,Misfat,8671004364,ELG5229,13/10/2017,2024
8660004902,ELG5206,Misfat,EMPTY,ELG5206,13/10/2017,2024
8660004903,ELG5226,Misfat,8671002073,ELG5226,13/10/2017,2024
8660004904,ELG5258,Misfat,8671004389,ELG5258,13/10/2017,2024
8660004906,ELG5324,Misfat,8671018386,WF8277,13/10/2017,2024
8660004907,ELG5264,Misfat,8671014172,ELG5264,13/10/2017,2024
8660004908,ELG5275,Misfat,EMPTY,CONSOMMABLES,13/10/2017,2022
8660004910,ELH4347,Misfat,8671014025,ELH4296,13/10/2017,2024
8660004911,ELH4259,Misfat,8660003765,ELH4259,13/10/2017,2024
8660004912,ELH4327,Misfat,8660003767,ELH4327,13/10/2017,2024
8660004913,ELH4359,Misfat,8660003770,ELH4359,13/10/2017,2024
8660004914,ELH4360,Misfat,8660003771,ELH4360,13/10/2017,2024
8660004916,ELH4380,Misfat,8660003775,ELH4380,13/10/2017,2024
8660004917,ELH4395,Misfat,8660003774,ELH4395,13/10/2017,2024
8660004918,ELH4425,Misfat,8660003776,ELH4425,13/10/2017,2024
8660004919,ELH4429,Misfat,8660003777,ELH4429,13/10/2017,2024
8660004920,ELH4436,Misfat,8660003778,ELH4436,13/10/2017,2024
8660004921,ELH4448,Misfat,8660003781,ELH4448,13/10/2017,2024
8660004922,ELH4455,Misfat,8660003782,ELH4455,13/10/2017,2024
8660004924,ELH4328,Misfat,8671018401,ELH4328,13/10/2017,2024
8660004925,ELH4181,Misfat,8671000496,NOUVEAU,13/10/2017,2023
8660004926,ELH4320,Misfat,8671014031,ELH4320,13/10/2017,2024
8660004927,ELH4159,Misfat,8671002048,ELH4159,13/10/2017,2024
8660004928,ELH4230,Misfat,8671004327,ELH4230,13/10/2017,2024
8660004929,ELH4334,Misfat,8671002332,W9208,13/10/2017,2024
8660004930,ELH4336,Misfat,8671018398,CONSOMMABLES,13/10/2017,2022
8660004932,L012,Misfat,8671004293,ELH4214,13/10/2017,2024
8660004934,L112,Misfat,8671018393,WL7408,13/10/2017,2024
8660004936,EKR7142,Misfat,8671018419,WP9141,13/10/2017,2024
8660004937,ELR7295,Misfat,8660003825,ELR7295,13/10/2017,2024
8660004938,ELR7079,Misfat,EMPTY,EMPTY,13/10/2017,2024
8660004941,ELR7144,Misfat,8671014151,CU1835,13/10/2017,2024
8660004942,ELR7191,Misfat,8671018421,WP9236,13/10/2017,2024
8660004943,EKR7074,Misfat,8671018414,WP9021,19/03/2018,2024
8660004944,ELR7089,Misfat,8671004564,WP6978,13/10/2017,2024
8660004945,ELR7100,Misfat,8671017026,ELR7100,13/10/2017,2024
8660004946,ELR7157,Misfat,8671017558,272772835R,13/10/2017,2024
8660004947,ELR7084,Misfat,8671014139,WP9102,13/10/2017,2024
8660005200,R-583KM,TEKNOROT,8660003615,JAR971,29/01/2018,2024
8660005201,DC-303,TEKNOROT,8660003581,JAR1031,29/01/2018,2024
8660005202,R-753KM,TEKNOROT,8660003583,JAR1014,29/01/2018,2024
8660005204,R-715KM,TEKNOROT,8660003609,JAR938,29/01/2018,2024
8660005205,R-737KM,TEKNOROT,8660003617,CONSOMMABLES,29/01/2018,2022
8660005206,R-734KM,TEKNOROT,8660003611,JAR950,29/01/2018,2024
8660005207,DC-333KM,TEKNOROT,8660003582,JAR1079,29/01/2018,2024
8660005208,N-903KM,TEKNOROT,8660003588,NOUVEAU,29/01/2018,2023
8660005209,R-733KM,TEKNOROT,8660003616,NOUVEAU,29/01/2018,2023
8660005210,R-423KM,TEKNOROT,8660003607,NOUVEAU,29/01/2018,2023
8660005211,R-654KM,TEKNOROT,8660003618,NOUVEAU,29/01/2018,2023
8660005212,R-573KM,TEKNOROT,8660003605,NOUVEAU,29/01/2018,2023
8660005213,R-653KM,TEKNOROT,8660003606,NOUVEAU,29/01/2018,2023
8660005214,R-574KM,TEKNOROT,8660003603,NOUVEAU,29/01/2018,2023
8660005215,R-603KM,TEKNOROT,8660003599,NOUVEAU,29/01/2018,2023
8660005217,R-903KM,TEKNOROT,8660003587,NOUVEAU,29/01/2018,2023
8660005218,R-663,TEKNOROT,8660003585,JAR1025,29/01/2018,2024
8660005220,R-716K,TEKNOROT,8660003589,JAR1301,29/01/2018,2024
8660005221,R-803KM,TEKNOROT,8660003598,JAR177,29/01/2018,2024
8660005222,R-510KM,TEKNOROT,8660003604,JAR654,29/01/2018,2024
8660005223,R-727,TEKNOROT,8660003612,JAR951,29/01/2018,2024
8660005224,R-513KM,TEKNOROT,8660003613,CONSOMMABLES,29/01/2018,2022
8660005225,R-728,TEKNOROT,8660003601,JAR207,29/01/2018,2024
8660005226,R-514KM,TEKNOROT,8660003602,NOUVEAU,20/04/2018,2023
8660005228,R-717KM,TEKNOROT,8660003610,JAR949,29/01/2018,2024
8660005229,DC-301,TEKNOROT,8660003542,JTE1135,29/01/2018,2024
8660005230,DC-331,TEKNOROT,8660003545,JTE1195,29/01/2018,2024
8660005231,R-671,TEKNOROT,8660003554,JTE1133,29/01/2018,2024
8660005232,R-581,TEKNOROT,8660003551,JTE1061,29/01/2018,2024
8660005233,R-731,TEKNOROT,8660003547,JTE1012,29/01/2018,2024
8660005234,R-751,TEKNOROT,8660003553,JTE1114,29/01/2018,2024
8660005236,R-651,TEKNOROT,8660003580,JTE994,29/01/2018,2024
8660005237,R-491,TEKNOROT,8660003570,CONSOMMABLES,29/01/2018,2022
8660005238,R-471,TEKNOROT,8660003548,CONSOMMABLES,29/01/2018,2022
8660005239,R-601,TEKNOROT,8660003562,JTE285,29/01/2018,2024
8660005240,R-901,TEKNOROT,8660003557,JTE1155,29/01/2018,2024
8660005241,R-511,TEKNOROT,8660003565,JTE293,29/01/2018,2024
8660005243,R-801,TEKNOROT,8660003561,JTE284,29/01/2018,2024
8660005244,R-641,TEKNOROT,8660003559,JTE280,29/01/2018,2024
8660005245,DC-302,TEKNOROT,8660003543,JTE1136,29/01/2018,2024
8660005246,DC-332,TEKNOROT,8660003544,JTE1194,29/01/2018,2024
8660005247,R-672,TEKNOROT,8660003555,JTE1134,29/01/2018,2024
8660005248,R-732,TEKNOROT,8660003546,JTE 1011,29/01/2018,2024
8660005249,R-582,TEKNOROT,8660003550,JTE1060,29/01/2018,2024
8660005251,R-652,TEKNOROT,8660003579,JTE986,29/01/2018,2024
8660005252,R-752,TEKNOROT,8660003552,JTE1113,29/01/2018,2024
8660005253,R-492,TEKNOROT,8660003569,JTE438,29/01/2018,2024
8660005254,R-472,TEKNOROT,8660003549,CONSOMMABLES,29/01/2018,2022
8660005255,R-602,TEKNOROT,8660003563,JTE286,29/01/2018,2024
8660005257,R-902,TEKNOROT,8660003556,JTE1154,29/01/2018,2024
8660005258,R-512,TEKNOROT,8660003564,JTE292,29/01/2018,2024
8660005259,R-802,TEKNOROT,8660003560,CONSOMMABLES,29/01/2018,2022
8660005260,R-642,TEKNOROT,8660003558,JTE279,29/01/2018,2024
8660005261,R-201,TEKNOROT,8660003566,CONSOMMABLES,29/01/2018,2022
8660005313,6240509,MAPA,8660004314,EMPTY,03/08/2018,2024
8660005315,ELH4234,MISFAT/SOLAUFIL,8671004322,WL7240,09/10/2018,2024
8660005316,ELH4288,MISFAT/SOLAUFIL,8671004324,ELH4288,09/10/2018,2024
8660005317,ELG5217,MISFAT/SOLAUFIL,8671004360,CONSOMMABLES,09/10/2018,2022
8660005318,ELP3732,MISFAT/SOLAUFIL,8671004498,EMPTY,09/10/2018,2024
8660005319,ELP3922,MISFAT/SOLAUFIL,8671012209,NOUVEAU,09/10/2018,2023
8660005320,ELH4322,MISFAT/SOLAUFIL,8671014033,WL7318,09/10/2018,2024
8660005321,ELP9069,MISFAT/SOLAUFIL,8671014117,ELP9069,09/10/2018,2024
8660005322,ELG5293,MISFAT/SOLAUFIL,8671017044,WF8321,09/10/2018,2024
8660005386,R-800KM,TEKNOROT,8660003567,EMPTY,30/01/2018,2024
8660005527,B20735184,CATALDI,8660003475,735184,20/05/2019,2024
8660005768,0,PROVAC,8671018808,-,22/11/2019,2024
8660005769,0,PROVAC,8671018809,-,22/11/2019,2024
8660005770,0,PROVAC,8671018807,-,22/11/2019,2024
8660005771,0,PROVAC,8671018810,-,22/11/2019,2024
8660005799,7701477028,RENAULT OE,8671019547,VKMA06130 / VKMA06132,14/10/2020,2024
8660005800,7701476745,RENAULT OE,8671019662,VKMA06002,14/10/2020,2024
8660005801,130C17529R,RENAULT OE,8671019548,VKMA06020,14/10/2020,2024
8660005802,7701477013,RENAULT OE,8671018735,VKMA06010,14/10/2020,2024
8660005803,130C13191R,RENAULT OE,8671019664,VKMA06021,14/10/2020,2024
8660005804,7701477050,RENAULT OE,8671019546,VKMA06129,14/10/2020,2024
8660005805,8201038625,RENAULT OE,8660002085,VKMA06008,14/10/2020,2024
8660005806,7701477024,RENAULT OE,8671019663,VKMA06003,14/10/2020,2024
8660005850,545674,SIA,8671019999,545674,22/11/2019,2024
8660005852,545699,SIA,8671020176,545699,22/11/2019,2024
8660005853,545622,SIA,8671017486,545622,22/11/2019,2024
8660005854,545551,SIA,8671019997,545551,22/11/2019,2024
8660005855,545588G,SIA,8671020196,129691,22/11/2019,2024
8660005858,545366G,SIA,8671019978,545366G,22/11/2019,2024
8660005859,545189,SIA,8671019962,545189,22/11/2019,2024
8660005860,545668G,SIA,8671017491,545668,22/11/2019,2024
8660005861,545195G,SIA,8671019974,545195G,22/11/2019,2024
8660005863,545578,SIA,8671017489,545578,22/11/2019,2024
8660005864,545580G,SIA,8671020186,545580 / 545580G / 545591 / 545591G,22/11/2019,2024
8660005865,545810G,SIA,8660001330,545810 / 545821,22/11/2019,2024
8660005866,545438,SIA,8671017488,545438,22/11/2019,2024
8660005867,545711G,SIA,8660001316,545711,22/11/2019,2024
8660005868,545841G,SIA,8660001334,545841,22/11/2019,2024
8660005869,545603G,SIA,8660001307,545603G / 545604G,22/11/2019,2024
8660005870,545593G,SIA,8660001306,545593G,22/11/2019,2024
8660005871,545460,SIA,8671019985,545460 / 545469,22/11/2019,2024
8660005872,545287,SIA,8671019994,545287,22/11/2019,2024
8660005875,205585G,SIA,8660001296,205585,22/11/2019,2024
8660005876,545751,SIA,8660001324,545751,22/11/2019,2024
8660005877,545762,SIA,8660004190,545762,22/11/2019,2024
8660005878,545199,SIA,8671019963,545199,22/11/2019,2024
8660005879,545482,SIA,8671020183,NOUVEAU,22/11/2019,2023
8660005880,545196,SIA,8671020201,178364,22/11/2019,2024
8660005881,545280,SIA,8671017510,545280 / 545291,22/11/2019,2024
8660005882,545274G,SIA,8671019976,NOUVEAU,22/11/2019,2023
8660005884,545568,SIA,8671013073,178776 / 178777,22/11/2019,2024
8660005885,545671G,SIA,8660001313,545671G / 545672G,22/11/2019,2024
8660005887,545750G,SIA,8660001323,545750,22/11/2019,2024
8660005889,545744G,SIA,8660001321,545744 / 545745,22/11/2019,2024
8660005893,545566,SIA,8671019998,545566,22/11/2019,2024
8660005895,445159G,SIA,8671019982,445159G,22/11/2019,2024
8660005896,545813,SIA,8660004210,545813,22/11/2019,2024
8660005897,545201,SIA,8671017509,545201,22/11/2019,2024
8660005898,545852,SIA,8660004189,545852,22/11/2019,2024
8660005899,545735G,SIA,8660001318,545735 / 545736,22/11/2019,2024
8660005901,544941,SIA,8671017511,544941,22/11/2019,2024
8660005902,545497G,SIA,8671020184,EMPTY,22/11/2019,2024
8660005903,141080,SIA,8671019970,141080,22/11/2019,2024
8660005904,545293G,SIA,8671019958,545293G / 545294G,22/11/2019,2024
8660005905,545846,SIA,8660004165,EMPTY,22/11/2019,2024
8660005906,545607,SIA,8660001308,545607 / 545608,22/11/2019,2024
8660005907,545542,SIA,8671017485,545542 / 545543,22/11/2019,2024
8660005908,544039,SIA,8671000842,178108,22/11/2019,2024
8660005909,545786G,SIA,8660001329,545786 / 545787,22/11/2019,2024
8660005910,545233G,SIA,8671019973,545233G,22/11/2019,2024
8660005911,545641G,SIA,8660001311,545641 / 545642,22/11/2019,2024
8660005912,545611,SIA,8671020213,178990 / 178991,22/11/2019,2024
8660005915,545716G,SIA,8671020214,878009 / 878010,22/11/2019,2024
8660005916,545594,SIA,8671020187,545594 / 545595,22/11/2019,2024
8660005918,544945,SIA,8671019943,544945,22/11/2019,2024
8660005919,545552G,SIA,8671013062,178752 / 178753,22/11/2019,2024
8660005920,545771,SIA,8660001326,545771 / 545772,22/11/2019,2024
8660005921,545612G,SIA,8660001436,545612,22/11/2019,2024
8660005922,545713,SIA,8660001317,545713,22/11/2019,2024
8660005923,544048,SIA,8671019968,544048,22/11/2019,2024
8660005924,545289,SIA,8671002993,129679,22/11/2019,2024
8660005925,545508G,SIA,8671019980,EMPTY,22/11/2019,2024
8660005926,545816,SIA,8660001331,545816 / 545817,22/11/2019,2024
8660005928,545774G,SIA,8660001327,545774 / 545775,22/11/2019,2024
8660005929,545710,SIA,8660004214,545719+545710,22/11/2019,2024
8660005930,545299,SIA,8671000853,129651,22/11/2019,2024
8660005934,545505,SIA,8660004225,545505,22/11/2019,2024
8660005935,545873,SIA,8660004209,545873,22/11/2019,2024
8660005937,545881,SIA,8660004169,545882+545881,22/11/2019,2024
8660005938,545828G,SIA,8660001332,545828,22/11/2019,2024
8660005939,545906,SIA,8660004204,545906,22/11/2019,2024
8660005940,545435,SIA,8671019996,545435,22/11/2019,2024
8660005941,544981,SIA,8671000843,129059,22/11/2019,2024
8660005942,545562,SIA,8660004178,545562,22/11/2019,2024
8660005943,545855,SIA,8660004188,545855,22/11/2019,2024
8660005944,545891,SIA,8660004207,545891,22/11/2019,2024
8660005945,545892,SIA,8660004208,545892,22/11/2019,2024
8660005947,545189G,SIA,8671019981,545189G,22/11/2019,2024
8660005949,545435G,SIA,8671019975,545435G,22/11/2019,2024
8660005950,344849,SIA,8671019972,344849,22/11/2019,2024
8660005951,545887,SIA,8660004164,545887,22/11/2019,2024
8660005953,215436G,SIA,8671020220,CONSOMMABLES,22/11/2019,2022
8660005954,115290,SIA,8671020257,115290,22/11/2019,2024
8660005955,215430,SIA,8671020270,215430,22/11/2019,2024
8660005956,255675,SIA,8671020265,155675,22/11/2019,2024
8660005957,115439G,SIA,8671017495,115439,22/11/2019,2024
8660005958,155450,SIA,8671020262,155450,22/11/2019,2024
8660005959,215637,SIA,8671017494,215637,22/11/2019,2024
8660005960,355180,SIA,8671020222,NOUVEAU,22/11/2019,2023
8660005961,215690G,SIA,8671020305,NOUVEAU,22/11/2019,2023
8660005962,115592G,SIA,8671020284,115592G,22/11/2019,2024
8660005963,215722,SIA,8660001416,215722,22/11/2019,2024
8660005964,215597,SIA,8660001411,215597,22/11/2019,2024
8660005965,215724,SIA,8671020275,215724,22/11/2019,2024
8660005967,155712G,SIA,8660001402,155712G,22/11/2019,2024
8660005968,215638,SIA,8660001413,215638,22/11/2019,2024
8660005969,219443G,SIA,8671000886,177064,22/11/2019,2024
8660005970,215714,SIA,8660001415,215714,22/11/2019,2024
8660005972,215188,SIA,8671013017,179559,22/11/2019,2024
8660005973,155773G,SIA,8660001404,155773G,22/11/2019,2024
8660005974,155567,SIA,8671020264,155567,22/11/2019,2024
8660005975,355180G,SIA,8671020238,355180G,22/11/2019,2024
8660005976,255613,SIA,8671020306,179624,22/11/2019,2024
8660005977,114980G,SIA,8671000878,177048,22/11/2019,2024
8660005978,255596G,SIA,8671020236,255596G,22/11/2019,2024
8660005979,215527G,SIA,8671020243,215527G,22/11/2019,2024
8660005980,215292,SIA,8671020268,215292,22/11/2019,2024
8660005981,215352,SIA,8671020269,215352,22/11/2019,2024
8660005982,214940,SIA,8671017524,214940G,22/11/2019,2024
8660005983,255596,SIA,8671020277,255596,22/11/2019,2024
8660005985,215530G,SIA,8671020247,215530G,22/11/2019,2024
8660005986,215485G,SIA,8671020223,215485G,22/11/2019,2024
8660005987,555235G,SIA,8671020233,555235G,22/11/2019,2024
8660005990,115498,SIA,8671020259,115498,22/11/2019,2024
8660005991,115627G,SIA,8671020285,115627G,22/11/2019,2024
8660005992,215544,SIA,8671017492,215544,22/11/2019,2024
8660005993,555815,SIA,8660004137,EMPTY,22/11/2019,2024
8660005994,155605G,SIA,8660001393,155605G,22/11/2019,2024
8660005995,155669G,SIA,8671017496,155669,22/11/2019,2024
8660005996,215243,SIA,8671020232,EMPTY,22/11/2019,2024
8660005997,215475,SIA,8671013035,177113,22/11/2019,2024
8660005998,215288,SIA,8671013009,177104,22/11/2019,2024
8660005999,215589,SIA,8660001410,215589,22/11/2019,2024
8660006000,154030G,SIA,8671000868,879061,22/11/2019,2024
8660006001,115752,SIA,8660001384,115752,22/11/2019,2024
8660006002,214055G,SIA,8671000864,177025,22/11/2019,2024
8660006003,215601,SIA,8660001412,215601,22/11/2019,2024
8660006004,215763,SIA,8660004143,115763,22/11/2019,2024
8660006005,115693G,SIA,8671020286,115693G,22/11/2019,2024
8660006006,255500,SIA,8671020276,255500,22/11/2019,2024
8660006007,114946G,SIA,8671000862,177001,22/11/2019,2024
8660006008,155275G,SIA,8671020228,155275G,22/11/2019,2024
8660006011,215486G,SIA,8671020248,215486G,22/11/2019,2024
8660006012,155363G,SIA,8671020221,155363G,22/11/2019,2024
8660006013,115631,SIA,8660001379,115631,22/11/2019,2024
8660006014,354952G,SIA,8671017530,354952,22/11/2019,2024
8660006015,155673,SIA,8660001399,155673,22/11/2019,2024
8660006017,255317,SIA,8671000944,179953,22/11/2019,2024
8660006018,115746,SIA,8660001383,115746,22/11/2019,2024
8660006019,215465,SIA,8660001406,215465,22/11/2019,2024
8660006020,255615,SIA,8660001421,255615,22/11/2019,2024
8660006021,215860,SIA,8660004103,215860,22/11/2019,2024
8660006022,613214G,SIA,8671000872,177008,22/11/2019,2024
8660006023,215486,SIA,8671020272,215486,22/11/2019,2024
8660006024,355111,SIA,8671020226,355111,22/11/2019,2024
8660006025,255616G,SIA,8660001422,255616G,22/11/2019,2024
8660006027,115555G,SIA,8671020252,115555G,22/11/2019,2024
8660006028,215234G,SIA,8671020253,215234G,22/11/2019,2024
8660006029,114942,SIA,8671020255,114942,22/11/2019,2024
8660006030,254995G,SIA,8671020230,254995G,22/11/2019,2024
8660006031,155464G,SIA,8671020246,155464G,22/11/2019,2024
8660006032,155373,SIA,8671020261,155373,22/11/2019,2024
8660006035,215621,SIA,8671020273,215621,22/11/2019,2024
8660006036,355670,SIA,8660001432,355670,22/11/2019,2024
8660006037,255788,SIA,8660001425,255788,22/11/2019,2024
8660006038,215748,SIA,8660001418,215748,22/11/2019,2024
8660006039,215871,SIA,8660004100,215871,22/11/2019,2024
8660006040,155814,SIA,8660004134,155814,22/11/2019,2024
8660006041,155740,SIA,8660004126,155740,22/11/2019,2024
8660006042,215436,SIA,8671020271,215436,22/11/2019,2024
8660006044,215872,SIA,8660004101,215872,22/11/2019,2024
8660006045,214997G,SIA,8671000871,177024,22/11/2019,2024
8660006046,114038G,SIA,8671017520,114038G,22/11/2019,2024
8660006047,215880,SIA,8660004108,EMPTY,22/11/2019,2024
8660006048,155893,SIA,8660004130,155893,22/11/2019,2024
8660006050,114980,SIA,8660004109,114980,22/11/2019,2024
8660006052,215888,SIA,8660004107,215888,22/11/2019,2024
8660006055,155907,SIA,8660004132,EMPTY,22/11/2019,2024
8660006078,F40814187,CATALDI,8660003440,814187,23/10/2019,2024
8660006079,F40814094,CATALDI,8660003443,814094,23/10/2019,2024
8660006080,F40940321,CATALDI,8660003626,814373,23/10/2019,2024
8660006081,F40814171,CATALDI,8660003441,814171,23/10/2019,2024
8660006082,F40814007,CATALDI,8660003448,814007,23/10/2019,2024
8660006083,F40814061,CATALDI,8660003445,814061,23/10/2019,2024
8660006084,F40818002,CATALDI,8660003449,818002,23/10/2019,2024
8660006085,F40814178,CATALDI,8660003442,814178,23/10/2019,2024
8660006086,F40817689,CATALDI,8660003451,EMPTY,23/10/2019,2024
8660006088,F40814077,CATALDI,8660003439,EMPTY,23/10/2019,2024
8660006089,F40814003,CATALDI,8660003450,814003,23/10/2019,2024
8660006090,F40817663,CATALDI,8671017668,814095,23/10/2019,2024
8660006092,F40818166,CATALDI,8660003452,EMPTY,23/10/2019,2024
8660006093,F4035520,CATALDI,8671017687,EMPTY,23/10/2019,2024
8660006094,F40814051,CATALDI,8660003444,EMPTY,23/10/2019,2024
8660006095,F40818165,CATALDI,8660003622,818165,23/10/2019,2024
8660006096,F40817283,CATALDI,8671017667,EMPTY,23/10/2019,2024
8660006097,F40817283,CATALDI,8671017676,818000,23/10/2019,2024
8660006098,F40817508,CATALDI,8671017666,817508,23/10/2019,2024
8660006099,F40817686,CATALDI,8671017669,817686,23/10/2019,2024
8660006100,F40817526,CATALDI,8671017670,EMPTY,23/10/2019,2024
8660006108,A54732874,CATALDI,8660003462,732946,23/10/2019,2024
8660006109,B20630709,CATALDI,8660003467,734931,23/10/2019,2024
8660006110,A54732874,CATALDI,8660003463,732874,23/10/2019,2024
8660006111,B2063122,CATALDI,8660003465,734946,23/10/2019,2024
8660006113,A13732960,CATALDI,8660003470,732960,23/10/2019,2024
8660006114,B20734438,CATALDI,8660003474,734438,23/10/2019,2024
8660006115,B20735134,CATALDI,8660003478,735135,23/10/2019,2024
8660006116,B20735185,CATALDI,8660003472,735185,23/10/2019,2024
8660006117,A54732873,CATALDI,8660003476,EMPTY,23/10/2019,2024
8660006118,E71732903,CATALDI,8660003482,732903,23/10/2019,2024
8660006119,A13732687,CATALDI,8660003481,EMPTY,23/10/2019,2024
8660006120,A13734922,CATALDI,8660003484,EMPTY,23/10/2019,2024
8660006121,A49732827,CATALDI,8660003488,732827,23/10/2019,2024
8660006122,A13732737,CATALDI,8660003487,732737,23/10/2019,2024
8660006123,A60732918,CATALDI,8660003471,732918,23/10/2019,2024
8660006124,B20637609,CATALDI,8660003459,700802,23/10/2019,2024
8660006125,B20735182,CATALDI,8660003468,735182,23/10/2019,2024
8660006126,B20637622,CATALDI,8660003477,RA1564,23/10/2019,2024
8660006127,B20735185,CATALDI,8660003498,EMPTY,23/10/2019,2024
8660006128,F14732846,CATALDI,8660003485,EMPTY,23/10/2019,2024
8660006130,B20735599,CATALDI,8660003464,EMPTY,23/10/2019,2024
8660006131,B20735180,CATALDI,8660003490,735180,23/10/2019,2024
8660006132,A35732911,CATALDI,8660003495,EMPTY,23/10/2019,2024
8660006133,B20735112,CATALDI,8660003479,EMPTY,23/10/2019,2024
8660006134,B20735181,CATALDI,8660003486,735181,23/10/2019,2024
8660006135,B20735184,CATALDI,8660003475,735184,23/10/2019,2024
8660006136,F14732846,CATALDI,8660003494,EMPTY,23/10/2019,2024
8660006137,A60732920,CATALDI,8660003483,732917,23/10/2019,2024
8660006138,B20734461,CATALDI,8660003493,734461,23/10/2019,2024
8660006139,B20735135,CATALDI,8660003480,735135,23/10/2019,2024
8660006140,B20734462,CATALDI,8660003492,734462,23/10/2019,2024
8660006141,545604G,SIA,8660001307,545603G / 545604G,22/11/2019,2024
8660006142,545608,SIA,8660001308,545607 / 545608,22/11/2019,2024
8660006143,545642G,SIA,8660001311,545641 / 545642,22/11/2019,2024
8660006144,545672G,SIA,8660001313,545671G / 545672G,22/11/2019,2024
8660006145,545736G,SIA,8660001318,545735 / 545736,22/11/2019,2024
8660006146,545745G,SIA,8660001321,545744 / 545745,22/11/2019,2024
8660006147,545772,SIA,8660001326,545771 / 545772,22/11/2019,2024
8660006148,545775G,SIA,8660001327,545774 / 545775,22/11/2019,2024
8660006149,545787G,SIA,8660001329,545786 / 545787,22/11/2019,2024
8660006150,545821G,SIA,8660001330,545810 / 545821,22/11/2019,2024
8660006151,545817,SIA,8660001331,545816 / 545817,22/11/2019,2024
8660006152,545882,SIA,8660004169,545882+545881,22/11/2019,2024
8660006153,545719,SIA,8660004214,545719+545710,22/11/2019,2024
8660006154,545785,SIA,8660004218,545785+545784,22/11/2019,2024
8660006155,545784,SIA,8660004218,545785+545784,22/11/2019,2024
8660006156,545553G,SIA,8671013062,178752 / 178753,22/11/2019,2024
8660006157,545543,SIA,8671017485,545542 / 545543,22/11/2019,2024
8660006158,545291,SIA,8671017510,NOUVEAU,22/11/2019,2023
8660006159,545294G,SIA,8671019958,545293G / 545294G,22/11/2019,2024
8660006160,545509G,SIA,8671019980,EMPTY,22/11/2019,2024
8660006161,545469,SIA,8671019985,545460 / 545469,22/11/2019,2024
8660006162,545483,SIA,8671020183,NOUVEAU,22/11/2019,2023
8660006163,545591G,SIA,8671020186,545580 / 545580G / 545591 / 545591G,22/11/2019,2024
8660006164,545595,SIA,8671020187,545594 / 545595,22/11/2019,2024
8660006165,545595G,SIA,8671020188,545594G / 545595G,22/11/2019,2024
8660006166,545692G,SIA,8671020191,545691 / 545691G / 545692 / 545692G,22/11/2019,2024
8660006167,545717G,SIA,8671020214,878009 / 878010,22/11/2019,2024
8660006199,1180100,MAPA,8671013705,801256,02/10/2020,2024
8660006200,6180300,MAPA,8671018162,801411,02/10/2020,2024
8660006201,5180700,MAPA,8671013710,618107600,02/10/2020,2024
8660006202,4180200,MAPA,8671013711,618300300,02/10/2020,2024
8660006203,3180300,MAPA,8660000961,618302800,02/10/2020,2024
8660006204,4180300,MAPA,8660000964,618304700,02/10/2020,2024
8660006205,11190308,MAPA,8660000848,619306333,02/10/2020,2024
8660006206,10190000,MAPA,8660000974,619307200,02/10/2020,2024
8660006207,12200000,MAPA,8671013703,620115000,02/10/2020,2024
8660006208,6200300,MAPA,8671013712,620161200,02/10/2020,2024
8660006209,7190600,MAPA,8660000987,620194300,02/10/2020,2024
8660006210,6200500,MAPA,8671014347,620300200,02/10/2020,2024
8660006211,3200600,MAPA,8660004307,EMPTY,02/10/2020,2024
8660006212,5200800,MAPA,8660001000,620308400,02/10/2020,2024
8660006213,7200400,MAPA,8660001001,EMPTY,02/10/2020,2024
8660006214,14200300,MAPA,8660001002,620308700,02/10/2020,2024
8660006215,4200400,MAPA,8671013707,620309600,02/10/2020,2024
8660006216,14200600,MAPA,8660001005,620311500,02/10/2020,2024
8660006217,210308,MAPA,8660000868,621304133,02/10/2020,2024
8660006218,13215500,MAPA,8660001032,622301500,02/10/2020,2024
8660006219,3215600,MAPA,8660001043,622323800,02/10/2020,2024
8660006220,228200,MAPA,8671013730,623304300,02/10/2020,2024
8660006221,228100,MAPA,8660001054,623307600,02/10/2020,2024
8660006222,5228000,MAPA,8660001068,623324100,02/10/2020,2024
8660006223,1228200,MAPA,8660001099,624321800,02/10/2020,2024
8660006229,14240920,MAPA,8660001101,624326700,02/10/2020,2024
8660006230,6240509,MAPA,8660004314,EMPTY,02/10/2020,2024
8660006231,20240008,MAPA,8660000944,624337934,02/10/2020,2024
8660006232,4240809,MAPA,8660004313,EMPTY,02/10/2020,2024
8660006233,ELG5289,MISFAT,8671014177,ELG5289,10/07/2020,2024
8660006234,ELG5365,MISFAT,8660003065,ELG5365,10/07/2020,2024
8660006299,673281,ROULUNDS BRAKING,8660004622,05P661,02/11/2021,2024
8660006300,688981,ROULUNDS BRAKING,8660004593,05P816,02/11/2021,2024
8660006302,898181,ROULUNDS BRAKING,8660004551,05P1579,02/11/2021,2024
8660006303,898381,ROULUNDS BRAKING,8660004443,05P1578,02/11/2021,2024
8660006306,692781,ROULUNDS BRAKING,8660004446,05P946,02/11/2021,2024
8660006310,892081,ROULUNDS BRAKING,8660004431,05P1487,02/11/2021,2024
8660006311,896281,ROULUNDS BRAKING,8660004436,05P1484K,02/11/2021,2024
8660006313,692681,ROULUNDS BRAKING,8660004596,05P869,02/11/2021,2024
8660006317,266681,ROULUNDS BRAKING,8660004558,05P1901,02/11/2021,2024
8660006318,896381,ROULUNDS BRAKING,8660004546,05P1534,02/11/2021,2024
8660006319,9581,ROULUNDS BRAKING,8660004532,05P1465,02/11/2021,2024
8660006320,846181,ROULUNDS BRAKING,8660004539,05P1406,02/11/2021,2024
8660006328,606181,ROULUNDS BRAKING,8660004603,05P911,02/11/2021,2024
8660006329,898481,ROULUNDS BRAKING,8660004545,05P1493,02/11/2021,2024
8660006331,684281,ROULUNDS BRAKING,8660004483,05P791,02/11/2021,2024
8660006333,800981,ROULUNDS BRAKING,8660004726,05P867,02/11/2021,2024
8660006335,683681,ROULUNDS BRAKING,8660004600,05P884,02/11/2021,2024
8660006336,724281,ROULUNDS BRAKING,8660004589,05P349,02/11/2021,2024
8660006337,448181,ROULUNDS BRAKING,8660004460,05P634,02/11/2021,2024
8660006338,610981,ROULUNDS BRAKING,8660004602,05P910,02/11/2021,2024
8660006342,897081,ROULUNDS BRAKING,8660004734,05P1678,02/11/2021,2024
8660006346,262281,ROULUNDS BRAKING,8660005110,05P1800,02/11/2021,2024
8660006349,886381,ROULUNDS BRAKING,8660004533,05P1388,02/11/2021,2024
8660006350,251581,ROULUNDS BRAKING,8660005117,05P1796,02/11/2021,2024
8660006572,251181,ROULUNDS BRAKING,8660004514,05P1551,02/11/2021,2024
8660006573,611681,ROULUNDS BRAKING,8660004683,05P790,02/11/2021,2024
8660006579,868081,ROULUNDS BRAKING,8660004527,05P1205,02/11/2021,2024
8660006580,815581,ROULUNDS BRAKING,8660004528,05P1536,02/11/2021,2024
8660006582,857581,ROULUNDS BRAKING,8660004530,05P1489,02/11/2021,2024
8660006585,863483,ROULUNDS BRAKING,8660004432,05P1390,02/11/2021,2024
8660006587,962281,ROULUNDS BRAKING,8660004535,05P1420,02/11/2021,2024
8660006588,862381,ROULUNDS BRAKING,8660004536,05P1391,02/11/2021,2024
8660006591,893781,ROULUNDS BRAKING,8660004544,05P1557,02/11/2021,2024
8660006593,896581,ROULUNDS BRAKING,8660004437,05P1567,02/11/2021,2024
8660006594,691581,ROULUNDS BRAKING,8660004438,05P1608,02/11/2021,2024
8660006595,619981,ROULUNDS BRAKING,8660004439,05P1195,02/11/2021,2024
8660006596,815281,ROULUNDS BRAKING,8660004440,05P1398,02/11/2021,2024
8660006599,996781,ROULUNDS BRAKING,8660004553,05P1561A,02/11/2021,2024
8660006601,786981,ROULUNDS BRAKING,8660004555,05P792,02/11/2021,2024
8660006604,283181,ROULUNDS BRAKING,8660004444,05P1637,02/11/2021,2024
8660006605,697381,ROULUNDS BRAKING,8660004561,05P903,02/11/2021,2024
8660006608,491981,ROULUNDS BRAKING,8660004649,05P274,02/11/2021,2024
8660006627,647981,ROULUNDS BRAKING,8660004620,05P612,02/11/2021,2024
8660006636,687781,ROULUNDS BRAKING,8660004643,05P692,02/11/2021,2024
8660006640,687381,ROULUNDS BRAKING,8660004647,05P807,02/11/2021,2024
8660006652,629481,ROULUNDS BRAKING,8660004665,05P493,02/11/2021,2024
8660006663,687281,ROULUNDS BRAKING,8660004462,05P800,02/11/2021,2024
8660006669,896981,ROULUNDS BRAKING,8660004701,05P1279MT,02/11/2021,2024
8660006673,693581,ROULUNDS BRAKING,8660004705,05P805,02/11/2021,2024
8660006674,787081,ROULUNDS BRAKING,8660004706,05P793,02/11/2021,2024
8660006681,787181,ROULUNDS BRAKING,8660004718,05P799,02/11/2021,2024
8660006685,845481,ROULUNDS BRAKING,8660004723,05P1287,02/11/2021,2024
8660006688,857081,ROULUNDS BRAKING,8660004476,05P1289,02/11/2021,2024
8660006689,845381,ROULUNDS BRAKING,8660004477,05P1278,02/11/2021,2024
8660006695,600081,ROULUNDS BRAKING,8660004730,05P831,02/11/2021,2024
8660006700,846981,ROULUNDS BRAKING,8660004737,05P1348,02/11/2021,2024
8660006702,857481,ROULUNDS BRAKING,8660004741,05P1351,02/11/2021,2024
8660006703,867781,ROULUNDS BRAKING,8660004742,05P1480,02/11/2021,2024
8660006706,602881,ROULUNDS BRAKING,8660004749,05P966,02/11/2021,2024
8660006711,693681,ROULUNDS BRAKING,8660004757,05P806,02/11/2021,2024
8660006713,814781,ROULUNDS BRAKING,8660004759,05P982,02/11/2021,2024
8660006716,619781,ROULUNDS BRAKING,8660004762,05P1202,02/11/2021,2024
8660006717,603881,ROULUNDS BRAKING,8660004763,05P1235,02/11/2021,2024
8660006719,691181,ROULUNDS BRAKING,8660004485,05P1699,02/11/2021,2024
8660006732,856481,ROULUNDS BRAKING,8660004799,05P1471,02/11/2021,2024
8660006733,789381,ROULUNDS BRAKING,8660004645,05P766,02/11/2021,2024
8660006741,858381,ROULUNDS BRAKING,8660004488,05P1460,02/11/2021,2024
8660006742,868781,ROULUNDS BRAKING,8660004489,05P1475,02/11/2021,2024
8660006743,868681,ROULUNDS BRAKING,8660004490,05P1500,02/11/2021,2024
8660006798,252381,ROULUNDS BRAKING,8660005087,05P1698,02/11/2021,2024
8660006799,252181,ROULUNDS BRAKING,8660005286,05P1834,02/11/2021,2024
8660006800,252481,ROULUNDS BRAKING,8660005090,05P1721,02/11/2021,2024
8660006806,637581,ROULUNDS BRAKING,8660004676,05P620,02/11/2021,2024
8660006810,862081,ROULUNDS BRAKING,8660005282,05P1392,02/11/2021,2024
8660006812,261681,ROULUNDS BRAKING,8660005264,05P1873,02/11/2021,2024
8660006815,251081,ROULUNDS BRAKING,8660005267,05P1986,02/11/2021,2024
8660006816,488481,ROULUNDS BRAKING,8660004677,05P613,02/11/2021,2024
8660006817,263981,ROULUNDS BRAKING,8660005266,05P1930,02/11/2021,2024
8660006818,261581,ROULUNDS BRAKING,8660005289,05P1852,02/11/2021,2024
8660006821,996081,ROULUNDS BRAKING,8660004543,05P1486,02/11/2021,2024
8660006822,261881,ROULUNDS BRAKING,8660005288,05P1845,02/11/2021,2024
8660006825,261781,ROULUNDS BRAKING,8660005263,05P1838,02/11/2021,2024
8660006846,378481,ROULUNDS BRAKING,8660005292,05P1982,02/11/2021,2024
8660006850,262081,ROULUNDS BRAKING,8660005265,05P1929,02/11/2021,2024
8660006860,60712 / C5W,OSRAM,8660004330,SNL0032,09/11/2020,2024
8660006861,60120 / H1,OSRAM,8660004320,SNL0001,09/11/2020,2024
8660006862,60112 / H4,OSRAM,8660004322,SNL0003,09/11/2020,2024
8660006863,60172 / H7,OSRAM,8660004323,SNL0005,09/11/2020,2024
8660006864,60312 / P21/5W,OSRAM,8660004328,SNL0026,09/11/2020,2024
8660006865,60412 / P21W,OSRAM,8660004326,SNL0023,09/11/2020,2024
8660006866,0,OSRAM,8660003619,EMPTY,09/11/2020,2024
8660006867,60427 / PY21W,OSRAM,8660004327,SNL0024,09/11/2020,2024
8660006868,60512 / R5W,OSRAM,8660004329,SNL0033,09/11/2020,2024
8660006869,60812 / 12W,OSRAM,8660004334,SNL0007,09/11/2020,2024
8660006870,60921 / W16W,OSRAM,8660004337,SNL0031,09/11/2020,2024
8660006871,60816 / W5W,OSRAM,8660004332,SNL0029,09/11/2020,2024
8660006872,60818 / WY5W,OSRAM,8660004335,SNL0030,09/11/2020,2024
8660006873,Coffret H1,OSRAM,8660004338,SNL0001C,09/11/2020,2024
8660006874,Coffret H4,OSRAM,8660004339,SNL0003C,09/11/2020,2024
8660006875,Coffret H7,OSRAM,8660004340,SNL0005C,09/11/2020,2024
8671004561,ELR7076,MECAFILTER,8660003802,EKR7076,18/10/2017,2024
8671004845,5011-721-657-508,HIDRIA,8671012310,11721098,23/01/2020,2024
8671004847,5011-721-656-508,HIDRIA,8671004894,11721086,23/01/2020,2024
8671004849,5011-721-126-508,HIDRIA,8660001626,13721665,23/01/2020,2024
8671012307,5011-721-089-508,HIDRIA,8671004893,11721824,23/01/2020,2024
8671014187,5011-721-121-508,HIDRIA,8671004851,11721810,23/01/2020,2024
8671017028,ELR7095,MECAFILTER,8671017025,EKR7095,18/10/2017,2024
8671017494,215637,SIA,8671020314,-,01/01/1900,2024
8671017911,VKDA35315T,SKF,8660001444,VKDA35315T,20/03/2019,2024
8671018931,ELR7218,MISFAT / MECAFILTER,8671018930,EKR7218,18/10/2017,2024
8671018933,JLR7234,MISFAT / MECAFILTER,8671018932,NOUVEAU,18/10/2017,2023
8671018940,ELR7096,MISFAT / MECAFILTER,8671018939,EKR7096,18/10/2017,2024
8671018942,ELR7128,MISFAT / MECAFILTER,8671018941,EKR7128,18/10/2017,2024
8671018951,ELR7077,MISFAT / MECAFILTER,8671018950,EKR7077,18/10/2017,2024
8671019974,545195G,SIA,8671000834,-,01/01/1900,2024
8671019982,445159G,SIA,8671000964,-,01/01/1900,2024
